customer_id,customer_initials,first_name,last_name,phone_number,birth_date,driver_licenses,status
1,EV,Edward,Vongsaphay,(905) 555-8932,01-01-1990,537597397,Active
2,FE,Fiona,Esposito,(905) 345-3920,28-03-1955,232323290,Active
3,GS,Graeme,Sands,(416) 849-5391,30-11-1973,492830981,Amount Owing
4,MA,Margeret,Armstrong,(905) 745-7342,19-06-1968,987654336,Suspended
5,MM,Michael,McGuinty,(905) 648-3246,30-03-1984,345678998,Active
6,PC,Phil,Charest,(416) 371-3979,10-12-1980,604604047,Suspended
7,PC,Paula,Chow,(416)635-5555,12-10-1979,,
